Quantity,Part Number,Part Reference,Value,Description,Manufacturer Name,Manufacturer Part Number
1,CDN-CAP-0001,C1,0.1uF,,,
1,CDN-CAP-0001,C2,0.1uF,,,
1,CDN-CAP-0002,C3,1uF,,,
1,CDN-CAP-0001,C4,0.1uF,,,
1,CDN-CAP-0001,C5,0.1uF,,,
1,CDN-CAP-0001,C6,0.1uF,,,
1,CDN-CAP-0001,C7,0.1uF,,,
1,CDN-CAP-0001,C8,0.1uF,,,
1,CDN-CAP-0001,C9,0.1uF,,,
1,CDN-CAP-0002,C10,1uF,,,
1,CDN-CAP-0001,C11,0.1uF,,,
1,CDN-CAP-0001,C12,0.1uF,,,
1,CDN-CAP-0004,C13,22pF,,,
1,CDN-CAP-0004,C14,22pF,,,
1,CDN-CAP-0001,C15,0.1uF,,,
1,CDN-CAP-0010,C16,10uF,,,
1,CDN-CAP-0010,C17,10uF,,,
1,CDN-CAP-0001,C19,0.1uF,,,
1,CDN-CAP-0001,C20,0.1uF,,,
1,CDN-CAP-0001,C21,0.1uF,,,
1,CDN-CAP-0001,C22,0.1uF,,,
1,CDN-CAP-0001,C23,0.1uF,,,
1,CDN-CAP-0001,C24,0.1uF,,,
1,CDN-CAP-0001,C25,0.1uF,,,
1,CDN-CAP-0001,C26,0.1uF,,,
1,CDN-CAP-0001,C27,0.1uF,,,
1,CDN-CAP-0001,C28,0.1uF,,,
1,CDN-CAP-0001,C29,0.1uF,,,
1,CDN-CAP-0001,C30,0.1uF,,,
1,CDN-CAP-0001,C31,0.1uF,,,
1,CDN-CAP-0001,C32,0.1uF,,,
1,CDN-CAP-0001,C33,0.1uF,,,
1,CDN-CAP-0001,C34,0.1uF,,,
1,S2B-PH-K,J1,S2B-PH-K,,,
1,USB4085-GF-A,J2,USB4085-GF-A,,,
1,ATF-LED-0001,LED2,SKC6812RV,,,
1,ATF-LED-0001,LED3,SKC6812RV,,,
1,ATF-LED-0001,LED4,SKC6812RV,,,
1,ATF-LED-0001,LED5,SKC6812RV,,,
1,ATF-LED-0001,LED6,SKC6812RV,,,
1,ATF-LED-0001,LED7,SKC6812RV,,,
1,ATF-LED-0001,LED8,SKC6812RV,,,
1,ATF-LED-0001,LED9,SKC6812RV,,,
1,ATF-LED-0001,LED10,SKC6812RV,,,
1,ATF-LED-0001,LED11,SKC6812RV,,,
1,ATF-LED-0001,LED12,SKC6812RV,,,
1,ATF-LED-0001,LED13,SKC6812RV,,,
1,ATF-LED-0001,LED14,SKC6812RV,,,
1,ATF-LED-0001,LED15,SKC6812RV,,,
1,ATF-LED-0001,LED16,SKC6812RV,,,
1,ATF-LED-0001,LED17,SKC6812RV,,,
1,ATF-MNT-0001,MNT1,MNT_2P5MM,,,
1,ATF-MNT-0001,MNT2,MNT_2P5MM,,,
1,ATF-MNT-0001,MNT3,MNT_2P5MM,,,
1,ATF-MNT-0001,MNT4,MNT_2P5MM,,,
1,CDN-TRT-0001,Q1,NMOS,,,
1,ATF-RES-0004,R1,1k,,,
1,ATF-RES-0011,R2,27.4R,,,
1,ATF-RES-0011,R3,27.4R,,,
1,ATF-RES-0004,R4,10k,,,
1,ATF-RES-0004,R5,1k,,,
1,ATF-RES-0005,R6,5.1k,,,
1,ATF-RES-0005,R7,5.1k,,,
1,ATF-RES-0004,R8,10k,,,
1,ATF-RES-0004,R9,10k,,,
1,ATF-SW-002,SW1,KeySwitch,,,
1,ATF-IC-0012,U1,W25Q128JVPIQ,,,
1,ATF-IC-0011,U2,TLV75533PDRVR,,,
1,RP2040,U?,RP2040,,,
1,ATF-XTL-0002,Y1,RH100-12.000,,,