Item Number,Quantity,Value,Description,Part Number,Part Reference,Manufacturer Name,Manufacturer Part Number,ID,SKU,ALT_MPN,ALT_MFR
1,1,0.1uF,,CDN-CAP-0001,C1,,,73,,,
2,1,0.1uF,,CDN-CAP-0001,C2,,,76,,,
3,1,1uF,,CDN-CAP-0002,C3,,,79,,,
4,1,0.1uF,,CDN-CAP-0001,C4,,,87,,,
5,1,0.1uF,,CDN-CAP-0001,C5,,,90,,,
6,1,0.1uF,,CDN-CAP-0001,C6,,,93,,,
7,1,0.1uF,,CDN-CAP-0001,C7,,,96,,,
8,1,0.1uF,,CDN-CAP-0001,C8,,,99,,,
9,1,0.1uF,,CDN-CAP-0001,C9,,,102,,,
10,1,1uF,,CDN-CAP-0002,C10,,,105,,,
11,1,0.1uF,,CDN-CAP-0001,C11,,,112,,,
12,1,0.1uF,,CDN-CAP-0001,C12,,,115,,,
13,1,22pF,,CDN-CAP-0004,C13,,,132,,,
14,1,22pF,,CDN-CAP-0004,C14,,,135,,,
15,1,0.1uF,,CDN-CAP-0001,C15,,,212,,,
16,1,S2B-PH-K,,S2B-PH-K,J1,,,216,,,
17,1,1k,,ATF-RES-0004,R1,,,125,,,
18,1,27.4R,,ATF-RES-0011,R2,,,139,,,
19,1,27.4R,,ATF-RES-0011,R3,,,142,,,
20,1,10k,,ATF-RES-0004,R4,,,178,,,
21,1,1k,,ATF-RES-0004,R5,,,226,,,
22,1,W25Q128JVPIQ,,ATF-IC-0012,U1,,,185,,,
23,1,RP2040,,RP2040,U?,,,3,,,
24,1,RH100-12.000,,ATF-XTL-0002,Y1,,,119,,,
