Quantity,Part Number,Part Reference,Value,Description,Manufacturer Name,Manufacturer Part Number
1,CDN-CAP-0001,C1,0.1uF,,,
1,CDN-CAP-0001,C2,0.1uF,,,
1,CDN-CAP-0002,C3,1uF,,,
1,CDN-CAP-0001,C4,0.1uF,,,
1,CDN-CAP-0001,C5,0.1uF,,,
1,CDN-CAP-0001,C6,0.1uF,,,
1,CDN-CAP-0001,C7,0.1uF,,,
1,CDN-CAP-0001,C8,0.1uF,,,
1,CDN-CAP-0001,C9,0.1uF,,,
1,CDN-CAP-0002,C10,1uF,,,
1,CDN-CAP-0001,C11,0.1uF,,,
1,CDN-CAP-0001,C12,0.1uF,,,
1,CDN-CAP-0004,C13,22pF,,,
1,CDN-CAP-0004,C14,22pF,,,
1,CDN-CAP-0001,C15,0.1uF,,,
1,ATF-RES-0004,R1,1k,,,
1,ATF-RES-0011,R2,27.4R,,,
1,ATF-RES-0011,R3,27.4R,,,
1,ATF-RES-0004,R4,10k,,,
1,ATF-IC-0012,U1,W25Q128JVPIQ,,,
1,RP2040,U?,RP2040,,,
1,ATF-XTL-0002,Y1,RH100-12.000,,,